-- Active: 1706775466632@@127.0.0.1@3307@citelibreRDV
USE lutece;

INSERT INTO `appointment_appointment` VALUES (1,'1f42f1b5e',1,0,2,4,0,0,'2024-02-09 13:44:46',NULL,1,0),(2,'27209b899',1,0,2,4,0,0,'2024-02-09 14:42:42',NULL,2,0),(3,'307de7871',1,0,2,4,0,0,'2024-02-09 14:49:21','admin',3,0),(4,'45078fbd0',1,0,2,4,0,0,'2024-02-28 15:34:30',NULL,4,0),(5,'5facef2e3',1,0,2,4,0,0,'2024-02-28 15:46:02',NULL,5,0),(6,'66e496225',1,0,2,4,0,0,'2024-02-28 15:53:07',NULL,6,0),(7,'72603ed23',1,0,2,4,0,0,'2024-02-28 15:55:29',NULL,7,0),(8,'832bee60d',1,0,2,4,0,0,'2024-02-29 09:55:53',NULL,8,0),(9,'956cce199',1,0,2,4,0,0,'2024-02-29 15:50:33','admin',9,0),(10,'10270795a1',1,0,2,4,0,0,'2024-02-29 15:55:51','admin',10,0),(11,'11d4fbdbdc',1,0,2,4,0,0,'2024-02-29 15:59:10','admin',11,0),(12,'124d3d3dd3',1,0,2,4,0,0,'2024-02-29 16:11:30','admin',12,0),(13,'131830eb6c',1,0,2,4,0,0,'2024-03-01 13:19:47',NULL,13,0),(14,'147009507d',1,0,2,4,0,0,'2024-03-01 13:35:06','admin',14,0),(15,'15fe52817e',1,0,2,4,0,0,'2024-03-01 15:11:41',NULL,15,0),(16,'16339f91d6',1,0,2,4,0,0,'2024-03-01 15:12:49',NULL,16,0),(17,'177bd64a8d',1,0,2,4,0,0,'2024-03-05 09:54:07',NULL,17,0);
INSERT INTO `appointment_appointment_slot` VALUES (1,4,1),(2,6,1),(3,7,1),(4,12,1),(5,13,1),(6,14,1),(7,15,1),(8,18,1),(9,20,1),(10,21,1),(11,13,1),(12,17,1),(13,22,1),(14,25,1),(15,26,1),(16,27,1),(17,29,1);
INSERT INTO `appointment_category` VALUES (1,'Avocats',1);
INSERT INTO `appointment_display` VALUES (1,0,'','NULL',4,1,4,1);
INSERT INTO `appointment_form` VALUES (1,'Permanences juridiques','Permanence de conseil d\'un avocat en droit du logement, travail, etc. dans le cadre de l\'heure de consultation gratuite','',1,'2024-01-01',NULL,1,1,'all',0,'none',3,1,1,'%f');
INSERT INTO `appointment_form_message` VALUES (1,'Choisir une date','Prénom','','Nom','','Email','','Confirmation Email','','Votre demande de rendez-vous a bien été créée avec la reference %%REF%%','jsp/site/Portal.jsp','Votre demande de rendez-vous a bien été annulée','Terminer','Aucun créneau disponible n\'a été trouvé. Veuillez réiterer votre recherche ultérieurement.','','Réserver','Complet',1);
INSERT INTO `appointment_form_rule` VALUES (1,0,0,0,0,0,0,0,0,1);
INSERT INTO `appointment_localization` VALUES (1,2.36535,48.8551,'Place des Vosges 75004 Paris',1);
INSERT INTO `appointment_reservation_rule` VALUES (1,'Période scolaire','Période de forte affluence avec une capacité de réception adaptée','#491af4',1,3,1,60,1),(2,'Vacances scolaires','Période de plus faible affluence avec capacité de réception adaptée','#36d941',1,1,1,60,1);
INSERT INTO `appointment_slot` VALUES (1,'2024-02-08 09:00:00','2024-02-08 10:00:00',1,0,3,3,3,0,1),(2,'2024-02-09 09:00:00','2024-02-09 10:00:00',1,0,3,3,3,0,1),(3,'2024-02-08 12:00:00','2024-02-08 13:00:00',1,0,3,3,3,0,1),(4,'2024-02-12 10:00:00','2024-02-12 11:00:00',1,0,3,2,2,1,1),(5,'2024-02-13 09:00:00','2024-02-13 10:00:00',1,0,3,3,3,0,1),(6,'2024-02-15 09:00:00','2024-02-15 10:00:00',1,0,3,2,2,1,1),(7,'2024-02-13 10:00:00','2024-02-13 11:00:00',1,0,3,2,2,1,1),(8,'2024-02-15 16:00:00','2024-02-15 17:00:00',1,0,3,3,3,0,1),(9,'2024-02-16 12:00:00','2024-02-16 13:00:00',1,0,3,3,3,0,1),(10,'2024-02-09 16:00:00','2024-02-09 17:00:00',1,0,3,3,3,0,1),(11,'2024-02-09 17:00:00','2024-02-09 18:00:00',1,0,3,3,3,0,1),(12,'2024-02-29 10:00:00','2024-02-29 11:00:00',1,0,3,2,2,1,1),(13,'2024-03-01 09:00:00','2024-03-01 10:00:00',1,0,3,1,1,2,1),(14,'2024-03-01 12:00:00','2024-03-01 13:00:00',1,0,3,2,2,1,1),(15,'2024-02-29 17:00:00','2024-02-29 18:00:00',1,0,3,2,2,1,1),(16,'2024-02-29 09:00:00','2024-02-29 10:00:00',1,0,3,3,3,0,1),(17,'2024-03-04 09:00:00','2024-03-04 10:00:00',1,0,3,2,2,1,1),(18,'2024-02-29 15:00:00','2024-02-29 16:00:00',1,0,3,2,2,1,1),(19,'2024-03-01 13:00:00','2024-03-01 14:00:00',1,0,3,3,3,0,1),(20,'2024-03-01 11:00:00','2024-03-01 12:00:00',1,0,3,2,2,1,1),(21,'2024-03-01 10:00:00','2024-03-01 11:00:00',1,0,3,2,2,1,1),(22,'2024-03-18 09:00:00','2024-03-18 10:00:00',1,0,3,2,2,1,1),(23,'2024-03-01 15:00:00','2024-03-01 16:00:00',1,0,3,3,3,0,1),(24,'2024-03-05 09:00:00','2024-03-05 10:00:00',1,0,3,3,3,0,1),(25,'2024-03-07 09:00:00','2024-03-07 10:00:00',1,0,3,2,2,1,1),(26,'2024-03-01 16:00:00','2024-03-01 17:00:00',1,0,3,2,2,1,1),(27,'2024-03-01 17:00:00','2024-03-01 18:00:00',1,0,3,2,2,1,1),(28,'2024-03-08 09:00:00','2024-03-08 10:00:00',1,0,3,3,3,0,1),(29,'2024-03-08 10:00:00','2024-03-08 11:00:00',1,0,3,2,2,1,1);
INSERT INTO `appointment_time_slot` VALUES (1,'09:00:00','10:00:00',1,3,1),(2,'10:00:00','11:00:00',1,3,1),(3,'11:00:00','12:00:00',1,3,1),(4,'12:00:00','13:00:00',1,3,1),(5,'13:00:00','14:00:00',1,3,1),(6,'14:00:00','15:00:00',1,3,1),(7,'15:00:00','16:00:00',1,3,1),(8,'16:00:00','17:00:00',1,3,1),(9,'17:00:00','18:00:00',1,3,1),(10,'09:00:00','10:00:00',1,3,2),(11,'10:00:00','11:00:00',1,3,2),(12,'11:00:00','12:00:00',1,3,2),(13,'12:00:00','13:00:00',1,3,2),(14,'13:00:00','14:00:00',1,3,2),(15,'14:00:00','15:00:00',1,3,2),(16,'15:00:00','16:00:00',1,3,2),(17,'16:00:00','17:00:00',1,3,2),(18,'17:00:00','18:00:00',1,3,2),(19,'09:00:00','10:00:00',1,3,3),(20,'10:00:00','11:00:00',1,3,3),(21,'11:00:00','12:00:00',1,3,3),(22,'12:00:00','13:00:00',1,3,3),(23,'13:00:00','14:00:00',1,3,3),(24,'14:00:00','15:00:00',1,3,3),(25,'15:00:00','16:00:00',1,3,3),(26,'16:00:00','17:00:00',1,3,3),(27,'17:00:00','18:00:00',1,3,3),(28,'09:00:00','10:00:00',1,3,4),(29,'10:00:00','11:00:00',1,3,4),(30,'11:00:00','12:00:00',1,3,4),(31,'12:00:00','13:00:00',1,3,4),(32,'13:00:00','14:00:00',1,3,4),(33,'14:00:00','15:00:00',1,3,4),(34,'15:00:00','16:00:00',1,3,4),(35,'16:00:00','17:00:00',1,3,4),(36,'17:00:00','18:00:00',1,3,4),(37,'10:00:00','11:00:00',1,1,5),(38,'11:00:00','12:00:00',1,1,5),(39,'12:00:00','13:00:00',1,1,5),(40,'13:00:00','14:00:00',1,1,5),(41,'14:00:00','15:00:00',1,1,5),(42,'15:00:00','16:00:00',1,1,5),(43,'10:00:00','11:00:00',1,1,6),(44,'11:00:00','12:00:00',1,1,6),(45,'12:00:00','13:00:00',1,1,6),(46,'13:00:00','14:00:00',1,1,6),(47,'14:00:00','15:00:00',1,1,6),(48,'15:00:00','16:00:00',1,1,6);
INSERT INTO `appointment_user` VALUES (1,'philippe.bareille@paris.fr','Phil','Bar','philippe.bareille@paris.fr',NULL),(2,'philippe.bareille@paris.fr','Phil','Bar','philippe.bareille@paris.fr',NULL),(3,NULL,'prenom','nom','philippe.bareille@paris.fr',NULL),(4,'philippe.bareille@paris.fr','Phil','Bar','philippe.bareille@paris.fr',NULL),(5,'philippe.bareille@paris.fr','Phil','Bar','philippe.bareille@paris.fr',NULL),(6,'philippe.bareille@paris.fr','Phil','Bar','philippe.bareille@paris.fr',NULL),(7,'philippe.bareille@paris.fr','Phil','Bar','philippe.bareille@paris.fr',NULL),(8,NULL,'phil','bar','',NULL),(9,NULL,'philippe','bareille','philippe.bareille@paris.fr',NULL),(10,NULL,'ph','ba','philippe.bareille@paris.fr',NULL),(11,NULL,'phil','bar','philippe.bareille@paris.fr',NULL),(12,NULL,'ph','ba','philippe.bareille@paris.fr',NULL),(13,'philippe.bareille@paris.fr','Phil','Bar','philippe.bareille@paris.fr',NULL),(14,NULL,'Ginette','Michu','philippe.bareille@paris.fr',NULL),(15,NULL,'P','B','philippe.bareille@paris.fr',NULL),(16,'philippe.bareille@paris.fr','Ph','B','philippe.bareille@paris.fr',NULL),(17,'philippe.bareille@paris.fr','P','B','philippe.bareille@paris.fr',NULL);
INSERT INTO `appointment_week_definition` VALUES (2,1,'2024-09-01','2025-01-01'),(3,1,'2024-01-01','2024-06-30'),(4,2,'2024-07-01','2024-08-31');
INSERT INTO `appointment_working_day` VALUES (1,1,1),(2,2,1),(3,4,1),(4,5,1),(5,2,2),(6,4,2);

DELETE FROM core_admin_dashboard;
INSERT INTO `core_admin_dashboard` VALUES ('autoIncludesAdminDashboardComponent',1,4),('editorAdminDashboardComponent',1,3),('featuresAdminDashboardComponent',1,5),('myluteceAuthenticationFilterAdminDashboardComponent',1,3),('searchAdminDashboardComponent',1,2),('usersAdminDashboardComponent',1,1),('workflowAdminDashboardComponent',1,1),('xslExportAdminDashboardComponent',1,6);

DELETE FROM core_admin_right;
INSERT INTO `core_admin_right` VALUES INSERT INTO `core_admin_right` VALUES ('APPOINTMENT_CALENDAR_TEMPLATE','appointment.adminFeature.manageCalendarTemplates.name',0,'jsp/admin/plugins/appointment/ManageCalendarTemplates.jsp','appointment.adminFeature.manageCalendarTemplates.name',0,'appointment',NULL,NULL,NULL,5,0),('APPOINTMENT_CATEGORY_MANAGEMENT','appointment.adminFeature.manageCategories.name',2,'jsp/admin/plugins/appointment/ManageAppointmentCategory.jsp','appointment.adminFeature.manageCategories.name',0,'appointment','APPLICATIONS',NULL,NULL,3,0),('APPOINTMENT_COMMENT_MANAGEMENT','appointment.adminFeature.manageComment.name',2,'jsp/admin/plugins/appointment/Comments.jsp','appointment.adminFeature.manageComment.name',0,'appointment','APPLICATIONS',NULL,NULL,4,0),('APPOINTMENT_FORM_MANAGEMENT','appointment.adminFeature.ManageAppointmentForm.name',2,'jsp/admin/plugins/appointment/ManageAppointmentForms.jsp','appointment.adminFeature.ManageAppointmentForm.description',0,'appointment','APPLICATIONS',NULL,NULL,2,0),('APPOINTMENT_SEARCH','module.appointment.management.adminFeature.AppointmentSearch.name',1,'jsp/admin/plugins/appointment/modules/management/AppointmentSearch.jsp','module.appointment.management.adminFeature.AppointmentSearch.description',0,'appointment-management',NULL,NULL,NULL,6,0),('CORE_ADMIN_SITE','portal.site.adminFeature.admin_site.name',2,'jsp/admin/site/AdminSite.jsp','portal.site.adminFeature.admin_site.description',1,NULL,'SITE','ti ti-home-edit','jsp/admin/documentation/AdminDocumentation.jsp?doc=admin-site',1,0),('CORE_ADMINDASHBOARD_MANAGEMENT','portal.admindashboard.adminFeature.right_management.name',0,NULL,'portal.admindashboard.adminFeature.right_management.description',0,'','SYSTEM','ti ti-dashboard',NULL,2,0),('CORE_CACHE_MANAGEMENT','portal.system.adminFeature.cache_management.name',0,'jsp/admin/system/ManageCaches.jsp','portal.system.adminFeature.cache_management.description',1,'','SYSTEM','ti ti-clock-edit',NULL,0,0),('CORE_DAEMONS_MANAGEMENT','portal.system.adminFeature.daemons_management.name',0,'jsp/admin/system/ManageDaemons.jsp','portal.system.adminFeature.daemons_management.description',0,'','SYSTEM','ti ti-timeline-event',NULL,1,0),('CORE_DASHBOARD_MANAGEMENT','portal.dashboard.adminFeature.dashboard_management.name',0,NULL,'portal.dashboard.adminFeature.dashboard_management.description',0,'','SYSTEM','ti ti-layout-dashboard',NULL,3,0),('CORE_EDITORS_MANAGEMENT','portal.admindashboard.editorManagement.right.name',2,NULL,'portal.admindashboard.editorManagement.right.description',1,'','SYSTEM','ti ti-tools',NULL,4,0),('CORE_FEATURES_MANAGEMENT','portal.admin.adminFeature.features_management.name',0,NULL,'portal.admin.adminFeature.features_management.description',0,'','SYSTEM','ti ti-apps',NULL,0,0),('CORE_LEVEL_RIGHT_MANAGEMENT','portal.users.adminFeature.level_right_management.name',2,NULL,'portal.users.adminFeature.level_right_management.description',0,'','MANAGERS','ti ti-list-detail',NULL,2,0),('CORE_LINK_SERVICE_MANAGEMENT','portal.insert.adminFeature.linkService_management.name',2,NULL,'portal.insert.adminFeature.linkService_management.description',0,NULL,NULL,'ti ti-link',NULL,1,0),('CORE_LOGS_VISUALISATION','portal.system.adminFeature.logs_visualisation.name',0,'jsp/admin/system/ManageFilesSystem.jsp','portal.system.adminFeature.logs_visualisation.description',1,'','SYSTEM','ti ti-list-search',NULL,0,0),('CORE_MAILINGLISTS_MANAGEMENT','portal.mailinglist.adminFeature.mailinglists_management.name',2,'jsp/admin/mailinglist/ManageMailingLists.jsp','portal.mailinglist.adminFeature.mailinglists_management.description',0,'','MANAGERS','ti ti-mail-cog',NULL,3,0),('CORE_PAGE_TEMPLATE_MANAGEMENT','portal.style.adminFeature.page_template_management.name',0,'jsp/admin/style/ManagePageTemplates.jsp','portal.style.adminFeature.page_template_management.description',0,'','STYLE','ti ti-layout-board',NULL,1,0),('CORE_PLUGINS_MANAGEMENT','portal.system.adminFeature.plugins_management.name',0,'jsp/admin/system/ManagePlugins.jsp','portal.system.adminFeature.plugins_management.description',1,'','SYSTEM','ti ti-apps-filled',NULL,0,0),('CORE_PROPERTIES_MANAGEMENT','portal.site.adminFeature.properties_management.name',2,'jsp/admin/ManageProperties.jsp','portal.site.adminFeature.properties_management.description',0,NULL,'SITE','ti ti-checklist','jsp/admin/documentation/AdminDocumentation.jsp?doc=admin-properties',2,0),('CORE_RBAC_MANAGEMENT','portal.rbac.adminFeature.rbac_management.name',0,'jsp/admin/rbac/ManageRoles.jsp','portal.rbac.adminFeature.rbac_management.description',0,'','MANAGERS','ti ti-user-check',NULL,0,0),('CORE_RIGHT_MANAGEMENT','portal.users.adminFeature.right_management.name',0,'jsp/admin/features/ManageRights.jsp','portal.users.adminFeature.right_management.description',0,'','MANAGERS','ti ti-gavel',NULL,4,0),('CORE_ROLES_MANAGEMENT','portal.role.adminFeature.roles_management.name',2,'jsp/admin/role/ManagePageRole.jsp','portal.role.adminFeature.roles_management.description',0,'',NULL,'ti ti-list-check',NULL,14,0),('CORE_SEARCH_INDEXATION','portal.search.adminFeature.indexer.name',0,'jsp/admin/search/ManageSearchIndexation.jsp','portal.search.adminFeature.indexer.description',0,'','SYSTEM','ti ti-settings-search',NULL,0,0),('CORE_SEARCH_MANAGEMENT','portal.search.adminFeature.search_management.name',0,NULL,'portal.search.adminFeature.search_management.description',0,'','SYSTEM','ti ti-database-search',NULL,0,0),('CORE_STYLES_MANAGEMENT','portal.style.adminFeature.styles_management.name',0,'jsp/admin/style/ManageStyles.jsp','portal.style.adminFeature.styles_management.description',1,'','STYLE','ti ti-brush',NULL,3,0),('CORE_STYLESHEET_MANAGEMENT','portal.style.adminFeature.stylesheet_management.name',0,'jsp/admin/style/ManageStyleSheets.jsp','portal.style.adminFeature.stylesheet_management.description',1,'','STYLE','ti ti-file-code',NULL,2,0),('CORE_TEMPLATES_AUTO_INCLUDES_MANAGEMENT','portal.templates.adminFeature.ManageAutoIncludes.name',1,NULL,'portal.templates.adminFeature.ManageAutoIncludes.description',1,'','STYLE','ti ti-code-circle-2',NULL,4,0),('CORE_USERS_MANAGEMENT','portal.users.adminFeature.users_management.name',2,'jsp/admin/user/ManageUsers.jsp','portal.users.adminFeature.users_management.description',1,'','MANAGERS','ti ti-users',NULL,0,0),('CORE_WORKGROUPS_MANAGEMENT','portal.workgroup.adminFeature.workgroups_management.name',2,'jsp/admin/workgroup/ManageWorkgroups.jsp','portal.workgroup.adminFeature.workgroups_management.description',0,'','MANAGERS','ti ti-users-group',NULL,1,0),('CORE_XSL_EXPORT_MANAGEMENT','portal.xsl.adminFeature.xsl_export_management.name',2,NULL,'portal.xsl.adminFeature.xsl_export_management.description',1,'','SYSTEM','ti ti-file-export',NULL,5,0),('ELASTICDATA_MANAGEMENT','elasticdata.adminFeature.ManageElasticData.name',0,'jsp/admin/plugins/elasticdata/ManageElasticData.jsp','elasticdata.adminFeature.ManageElasticData.description',0,'elasticdata',NULL,NULL,NULL,17,0),('ENTRY_TYPE_MANAGEMENT','genericattributes.adminFeature.manageEntryType.name',1,'jsp/admin/plugins/genericattributes/ManageEntryType.jsp','genericattributes.adminFeature.manageEntryType.description',0,'genericattributes',NULL,NULL,NULL,4,0),('HTMLPAGE_MANAGEMENT','htmlpage.adminFeature.htmlpage_management.name',2,'jsp/admin/plugins/htmlpage/ManageHtmlPage.jsp','htmlpage.adminFeature.htmlpage_management.description',0,'htmlpage','SITE',NULL,'jsp/admin/documentation/AdminDocumentation.jsp?doc=admin-htmlpage',3,0),('IDENTITYSTORE_ADMIN_MANAGEMENT','identitystore.adminFeature.AdminIdentities.name',1,'jsp/admin/plugins/identitystore/ManageClientApplications.jsp','identitystore.adminFeature.AdminIdentities.description',0,'identitystore',NULL,NULL,NULL,4,0),('IDENTITYSTORE_MANAGEMENT','identitystore.adminFeature.ManageIdentities.name',1,'jsp/admin/plugins/identitystore/ManageIdentities.jsp','identitystore.adminFeature.ManageIdentities.description',0,'identitystore',NULL,NULL,NULL,4,0),('KIBANA_MANAGEMENT','kibana.adminFeature.KibanaDashboard.name',0,'jsp/admin/plugins/kibana/KibanaDashboard.jsp','kibana.adminFeature.KibanaDashboard.description',0,'kibana',NULL,NULL,NULL,15,0),('KIBANA_RBAC_MANAGEMENT','kibana.adminFeature.ManageKibana.name',1,'jsp/admin/plugins/kibana/ManageDashboards.jsp','kibana.adminFeature.ManageKibana.description',0,'kibana',NULL,NULL,NULL,16,0),('MATOMO_MANAGEMENT','matomo.adminFeature.ManageMatomo.name',2,'jsp/admin/plugins/matomo/Matomo.jsp','matomo.adminFeature.ManageMatomo.description',0,'matomo','SITE',NULL,NULL,4,0),('MULTIVIEW_APPOINTMENT','module.appointment.management.adminFeature.MultiviewAppointment.name',2,'jsp/admin/plugins/appointment/modules/management/MultiviewAppointment.jsp','module.appointment.management.adminFeature.MultiviewAppointment.description',0,'appointment-management','APPLICATIONS',NULL,NULL,1,0),('MYDASHBOARD_PANEL_MANAGEMENT','mydashboard.adminFeature.ManageMydashboardPanel.name',0,'jsp/admin/plugins/mydashboard/ManageMyDashboardPanel.jsp','mydashboard.adminFeature.ManageMydashboardPanel.description',0,'mydashboard',NULL,NULL,NULL,7,0),('MYLUTECE_MANAGE_AUTHENTICATION_FILTER','mylutece.adminFeature.mylutece_management_authentication_filter.name',3,'jsp/admin/plugins/mylutece/security/ManageAuthenticationFilter.jsp','mylutece.adminFeature.mylutece_management_authentication_filter.description',0,'mylutece',NULL,NULL,NULL,10,0),('MYLUTECE_MANAGE_EXTERNAL_APPLICATION','mylutece.adminFeature.mylutece_management_external_application.name',3,'jsp/admin/plugins/mylutece/ManageExternalApplicationUser.jsp','mylutece.adminFeature.mylutece_management_external_application.description',0,'mylutece',NULL,NULL,NULL,9,0),('MYLUTECE_MANAGEMENT','mylutece.adminFeature.mylutece_management.name',2,'jsp/admin/plugins/mylutece/ManageMylutece.jsp','mylutece.adminFeature.mylutece_management.description',0,'mylutece',NULL,NULL,NULL,8,0),('PROFILES_MANAGEMENT','profiles.adminFeature.profiles_management.name',0,'jsp/admin/plugins/profiles/ManageProfiles.jsp','profiles.adminFeature.profiles_management.description',0,'profiles','MANAGERS',NULL,'jsp/admin/documentation/AdminDocumentation.jsp?doc=admin-profiles',7,0),('PROFILES_VIEWS_MANAGEMENT','profiles.adminFeature.views_management.name',0,'jsp/admin/plugins/profiles/ManageViews.jsp','profiles.adminFeature.views_management.description',0,'profiles',NULL,NULL,'jsp/admin/documentation/AdminDocumentation.jsp?doc=admin-profiles',11,0),('REFERENCELIST_MANAGEMENT','referencelist.adminFeature.ReferenceListManage.name',0,'jsp/admin/plugins/referencelist/ManageReferences.jsp','referencelist.adminFeature.ReferenceListManage.description',0,'referencelist',NULL,NULL,NULL,12,0),('REGULAR_EXPRESSION_MANAGEMENT','regularexpression.adminFeature.regularexpression_management.name',0,'jsp/admin/plugins/regularexpression/ManageRegularExpression.jsp','regularexpression.adminFeature.regularexpression_management.description',0,'regularexpression','SYSTEM',NULL,NULL,16,0),('SITELABELS_MANAGEMENT','sitelabels.adminFeature.ManageSiteLabels.name',0,'jsp/admin/plugins/sitelabels/ManageLabels.jsp','sitelabels.adminFeature.ManageSiteLabels.description',0,'sitelabels',NULL,NULL,NULL,13,0),('SOLR_CONFIGURATION_MANAGEMENT','search.solr.adminFeature.configuration.title',1,'jsp/admin/search/solr/ManageSearchConfiguration.jsp','search.solr.adminFeature.configuration.description',0,'solr','SYSTEM',NULL,'',14,0),('SOLR_FIELDS_MANAGEMENT','search.solr.adminFeature.fields.title',1,'jsp/admin/search/solr/ManageSolrFields.jsp','search.solr.adminFeature.fields.description',0,'solr','SYSTEM',NULL,'',15,0),('SOLR_INDEX_MANAGEMENT','search.solr.adminFeature.title',1,'jsp/admin/search/solr/ManageSearchIndexation.jsp','search.solr.adminFeature.description',0,'solr','SYSTEM',NULL,'',13,0),('SYSTEMINFO_MANAGEMENT','systeminfo.adminFeature.systeminfo_management.name',0,'jsp/admin/plugins/systeminfo/ManageSystemInfo.jsp','systeminfo.adminFeature.systeminfo_management.description',0,'systeminfo','SYSTEM',NULL,NULL,17,0),('VIEW_TEMP_FILES','filegenerator.adminFeature.temporary_files.name',2,'jsp/admin/plugins/filegenerator/ManageMyFiles.jsp','filegenerator.adminFeature.temporary_files.description',0,'','SYSTEM',NULL,NULL,0,0),('WORKFLOW_MANAGEMENT','workflow.adminFeature.workflow_management.name',3,'jsp/admin/plugins/workflow/ManageWorkflow.jsp','workflow.adminFeature.workflow_management.description',0,'workflow','APPLICATIONS',NULL,NULL,5,0);

UPDATE core_admin_user SET reset_password = 1 WHERE id_user = 1;


DELETE FROM core_user_right;
INSERT INTO `core_user_right` VALUES ('APPOINTMENT_CALENDAR_TEMPLATE',1),('APPOINTMENT_CATEGORY_MANAGEMENT',1),('APPOINTMENT_COMMENT_MANAGEMENT',1),('APPOINTMENT_FORM_MANAGEMENT',1),('APPOINTMENT_SEARCH',1),('CORE_ADMIN_SITE',1),('CORE_ADMINDASHBOARD_MANAGEMENT',1),('CORE_CACHE_MANAGEMENT',1),('CORE_DAEMONS_MANAGEMENT',1),('CORE_DASHBOARD_MANAGEMENT',1),('CORE_EDITORS_MANAGEMENT',1),('CORE_FEATURES_MANAGEMENT',1),('CORE_LEVEL_RIGHT_MANAGEMENT',1),('CORE_LINK_SERVICE_MANAGEMENT',1),('CORE_LOGS_VISUALISATION',1),('CORE_MAILINGLISTS_MANAGEMENT',1),('CORE_MODES_MANAGEMENT',1),('CORE_PAGE_TEMPLATE_MANAGEMENT',1),('CORE_PLUGINS_MANAGEMENT',1),('CORE_PROPERTIES_MANAGEMENT',1),('CORE_RBAC_MANAGEMENT',1),('CORE_RIGHT_MANAGEMENT',1),('CORE_ROLES_MANAGEMENT',1),('CORE_SEARCH_INDEXATION',1),('CORE_SEARCH_MANAGEMENT',1),('CORE_STYLES_MANAGEMENT',1),('CORE_STYLESHEET_MANAGEMENT',1),('CORE_TEMPLATES_AUTO_INCLUDES_MANAGEMENT',1),('CORE_USERS_MANAGEMENT',1),('CORE_WORKGROUPS_MANAGEMENT',1),('CORE_XSL_EXPORT_MANAGEMENT',1),('ELASTICDATA_MANAGEMENT',1),('ENTRY_TYPE_MANAGEMENT',1),('HTMLPAGE_MANAGEMENT',1),('IDENTITYSTORE_ADMIN_MANAGEMENT',1),('IDENTITYSTORE_MANAGEMENT',1),('KIBANA_MANAGEMENT',1),('KIBANA_RBAC_MANAGEMENT',1),('MATOMO_MANAGEMENT',1),('MULTIVIEW_APPOINTMENT',1),('MYDASHBOARD_PANEL_MANAGEMENT',1),('MYLUTECE_MANAGE_AUTHENTICATION_FILTER',1),('MYLUTECE_MANAGE_EXTERNAL_APPLICATION',1),('MYLUTECE_MANAGEMENT',1),('PROFILES_MANAGEMENT',1),('PROFILES_VIEWS_MANAGEMENT',1),('REFERENCELIST_MANAGEMENT',1),('REGULAR_EXPRESSION_MANAGEMENT',1),('SITELABELS_MANAGEMENT',1),('SOLR_CONFIGURATION_MANAGEMENT',1),('SOLR_FIELDS_MANAGEMENT',1),('SOLR_INDEX_MANAGEMENT',1),('SYSTEMINFO_MANAGEMENT',1),('VIEW_TEMP_FILES',1),('WORKFLOW_MANAGEMENT',1),('CORE_ADMIN_SITE',2),('CORE_LINK_SERVICE_MANAGEMENT',2),('CORE_PAGE_TEMPLATE_MANAGEMENT',2),('CORE_PROPERTIES_MANAGEMENT',2),('CORE_ROLES_MANAGEMENT',2),('CORE_SEARCH_INDEXATION',2),('CORE_SEARCH_MANAGEMENT',2),('CORE_USERS_MANAGEMENT',2),('CORE_WORKGROUPS_MANAGEMENT',2);

INSERT INTO `core_admin_role` VALUES ('rendezvous_manager','all rendezvous-related rights');

DELETE FROM `html_portlet`;
INSERT INTO `html_portlet` VALUES (2,'<p>Affichage de la page <a href=\"jsp/site/Portal.jsp?page=appointmentsearch&amp;category=Avocats\">Cartographie</a> pour les services de rendez-vous détéritorrialisés</p>\n<p class=\"logo\">&nbsp;</p>'),(4,'<h2>Get into the Back Office of this demo site</h2> \n<p class=\"mb20\">Sign in as administrator with <em>admin/adminadmin</em>.</p> \n<p><a class=\"btn btn-primary\" title=\"Access to admin [Open  in new window]\" href=\"jsp/admin/AdminLogin.jsp\" target=\"\"><span class=\"fa fa-door-open\">&nbsp;</span> Enter Back Office</a></p> \n<p>&nbsp;</p>'),(5,'<h3>Resources</h3> \n<hr> \n<div class=\"row\"> \n <div class=\"col-xs-12 col-sm-6\"> \n  <div class=\"media\"> \n   <div class=\"media-left\">\n    <a title=\"GitHub site [Open  in new window]\" href=\"https://github.com/lutece-platform\" target=\"_blank\"><img class=\"media-object\" src=\"images/local/skin/github-logo.png\" alt=\"Github logo\" width=\"100px\"> </a>\n   </div> \n   <div class=\"media-body\"> \n    <h4 class=\"media-heading\">Access to our code repository</h4> \n   </div> \n  </div> \n  <div class=\"media\"> \n   <div class=\"media-left\">\n    <a title=\"Docker Hub site [Open  in new window]\" href=\"https://hub.docker.com/u/lutece\" target=\"_blank\"><img class=\"media-object\" src=\"images/local/skin/docker-logo.png\" alt=\"Docker images\" width=\"100px\"> </a>\n   </div> \n   <div class=\"media-body\"> \n    <h4 class=\"media-heading\">Grab some Docker images to run demos</h4> \n   </div> \n  </div> \n </div> \n <div class=\"col-xs-12 col-sm-6\"> \n  <div class=\"media\"> \n   <div class=\"media-left\">\n    <a title=\"Lutece Wiki site [Open  in new window]\" href=\"https://fr.lutece.paris.fr/fr/jsp/site/Portal.jsp?page=wiki&amp;action=changeLanguage&amp;page_name=home&amp;language=en\" target=\"_blank\"> <img class=\"media-object\" src=\"images/local/skin/wiki-logo.png\" alt=\"WIKI\" width=\"100px\"> </a>\n   </div> \n   <div class=\"media-body\"> \n    <h4 class=\"media-heading\">Read our technical documentation</h4> \n   </div> \n  </div> \n  <div class=\"media\"> \n   <div class=\"media-left\">\n    <a title=\" Twitter Site [Open  in new window]\" href=\"https://twitter.com/LuteceNews\" target=\"_blank\"> <img class=\"media-object\" src=\"images/local/skin/twitter-logo.png\" alt=\"Twitter logo\" width=\"100px\"> </a>\n   </div> \n   <div class=\"media-body\"> \n    <h4 class=\"media-heading\">Follow us on Twitter</h4> \n   </div> \n  </div> \n </div> \n</div>'),(7,'<div class=\"container\">\n <div class=\"row align-items-center\">\n  <div class=\"col-lg-6\">\n   <div class=\"lutece-content\">\n    <h1 class=\"my-3\">Software for Cities</h1>\n    <p class=\"font-weight-bold\">Lutece is an open source service platform that allows municipalities to share, reuse and adapt digital services created by other cities. Lutece is free, fully customizable and secure.<br>\n      With Lutece, discover more than 400 plugins and ready-to-use modules to power your digital services and meet users\' needs.<br>\n      You can easily customize them or create new digital modules and share them with the Lutece community.</p>\n   </div>\n   <div class=\"lutece-content mt-5\">\n    <h2 class=\"my-3\">Have a look at the admin tools</h2>\n    <p class=\"font-weight-bold\">Log to look at admin features, using <strong>\"admin\"</strong> as login and <strong>\"adminadmin\"</strong> as password</p>\n    <p class=\"text-center\"><a class=\"btn-solid-reg\" title=\"Go to admin login page [Open in new window]\" href=\"jsp/admin/AdminLogin.jsp\" target=\"_blank\"><br><span class=\"text\">Go to login page !</span><br></a></p>\n   </div>\n  </div>\n  <div class=\"col-lg-6\">\n   <br><img src=\"images/site/city-home.svg\" alt=\"\">\n  </div>\n </div>\n</div>');

INSERT INTO `htmlpage` VALUES (1,'Texte de page de pré-recherche','<p>Test</p>',0,'all','none'),(2,'Texte d\'aide sur la page calendrier','<p>test 2</p>',0,'all','none');

-- ??
DELETE FROM `identitystore_identity`;
INSERT INTO `identitystore_identity` VALUES (1,'azerty','3F2504E0-4F89-11D3-9A0C-0305E82C3301','2024-01-19 16:20:36',0,'2024-01-19 16:20:36');
DELETE FROM `identitystore_identity_attribute`;
INSERT INTO `identitystore_identity_attribute` VALUES (1,1,'M',0,0,'2024-03-04 09:57:35',NULL),(1,2,'john.doe@gmail.com',0,0,'2024-03-04 09:57:35',NULL),(1,3,'11/10/1970',0,0,'2024-03-04 09:57:35',NULL),(1,4,'Paris',0,0,'2024-03-04 09:57:35',NULL),(1,5,'0623457896',0,0,'2024-03-04 09:57:35',NULL),(1,6,'0123457896',0,0,'2024-03-04 09:57:35',NULL),(1,7,'0123457896',0,0,'2024-03-04 09:57:35',NULL),(1,8,'Joe',0,0,'2024-03-04 09:57:35',NULL),(1,9,'Rue de Rennes',0,0,'2024-03-04 09:57:35',NULL),(1,10,'John',0,0,'2024-03-04 09:57:35',NULL),(1,11,'Doe',0,0,'2024-03-04 09:57:35',NULL),(1,12,'8',0,0,'2024-03-04 09:57:35',NULL),(1,13,'Bis',0,0,'2024-03-04 09:57:35',NULL),(1,14,'Rue de Rennes',0,0,'2024-03-04 09:57:35',NULL),(1,15,'Escalier B',0,0,'2024-03-04 09:57:35',NULL),(1,16,'Etage 4',0,0,'2024-03-04 09:57:35',NULL),(1,17,'75018',0,0,'2024-03-04 09:57:35',NULL),(1,18,'Paris',0,0,'2024-03-04 09:57:35',NULL);
-- ?

INSERT INTO `workflow_action` VALUES (1,'Validation automatique','Action déclenchée automatiquement pour valider tacitement un rendez-vous pris par l\'usager',1,2,-1,1,1,0,1,0,'173d4670-d64e-11ee-a4dc-0242ac120002'),(2,'Annulation par l\'usager','Annulation du rendez-vous à l\'initiative de l\'usager',1,3,-1,10,0,0,2,0,'173d4957-d64e-11ee-a4dc-0242ac120002'),(3,'Annulation par l\'administration','Annulation du rendez-vous à l\'initiative de l\'usager',1,3,-1,7,0,0,3,0,'173d4a42-d64e-11ee-a4dc-0242ac120002'),(4,'Report usager','Report du rendez-vous à l\'initiative de l\'usager',1,2,-1,11,0,0,4,0,'173d4b08-d64e-11ee-a4dc-0242ac120002'),(5,'Report administration','Report du rendez-vous à l\'initiative de l\'administration',1,2,-1,8,0,0,5,0,'173d4bc7-d64e-11ee-a4dc-0242ac120002'),(6,'Action d\'arriver sur l\'&#233;tat Honoré','',1,4,-1,9,0,0,0,1,'65a75fb2-0fbc-48dc-b921-124335131427'),(7,'Action d\'arriver sur l\'&#233;tat Non honoré','',1,5,-1,9,0,0,0,1,'fde24f70-324e-44d2-a147-9707c29be80c'),(8,'Action d\'arriver sur l\'&#233;tat Rendez-Vous Anonymisé','',1,6,-1,9,0,0,0,1,'ccd14851-ff67-49ec-8e57-e108f07c8270');
INSERT INTO `workflow_action_state_before` VALUES (1,1),(2,1),(2,2),(3,1),(3,2),(4,1),(4,2),(5,1),(5,2),(6,4),(7,5),(8,6);
INSERT INTO `workflow_resource_history` VALUES (22,1,'appointment',1,1,'2024-02-09 14:46:09','auto'),(23,2,'appointment',1,1,'2024-02-09 14:46:09','auto'),(24,3,'appointment',1,1,'2024-02-09 14:49:39','auto'),(25,4,'appointment',1,1,'2024-02-28 15:34:35','auto'),(26,5,'appointment',1,1,'2024-02-28 15:46:10','auto'),(27,6,'appointment',1,1,'2024-02-28 15:53:10','auto'),(28,7,'appointment',1,1,'2024-02-28 15:55:45','auto'),(29,8,'appointment',1,1,'2024-02-29 09:56:15','auto'),(30,9,'appointment',1,1,'2024-02-29 15:50:45','auto'),(31,10,'appointment',1,1,'2024-02-29 15:56:15','auto'),(32,11,'appointment',1,1,'2024-02-29 15:59:15','auto'),(33,12,'appointment',1,1,'2024-02-29 16:12:00','auto'),(34,13,'appointment',1,1,'2024-03-01 13:19:53','auto'),(35,14,'appointment',1,1,'2024-03-01 13:35:23','auto'),(36,14,'appointment',1,4,'2024-03-01 13:37:06','admin'),(37,15,'appointment',1,1,'2024-03-01 15:11:53','auto'),(38,16,'appointment',1,1,'2024-03-01 15:12:53','auto'),(39,17,'appointment',1,1,'2024-03-05 09:54:13','auto');
INSERT INTO `workflow_resource_user_history` VALUES (36,'admin','admin@lutece.fr','admin','Admin','BACK_OFFICE_USER');
INSERT INTO `workflow_resource_workflow` VALUES (1,'appointment',2,1,1,0),(2,'appointment',2,1,1,0),(3,'appointment',2,1,1,0),(4,'appointment',2,1,1,0),(5,'appointment',2,1,1,0),(6,'appointment',2,1,1,0),(7,'appointment',2,1,1,0),(8,'appointment',2,1,1,0),(9,'appointment',2,1,1,0),(10,'appointment',2,1,1,0),(11,'appointment',2,1,1,0),(12,'appointment',2,1,1,0),(13,'appointment',2,1,1,0),(14,'appointment',2,1,1,0),(15,'appointment',2,1,1,0),(16,'appointment',2,1,1,0),(17,'appointment',2,1,1,0);
INSERT INTO `workflow_state` VALUES (1,'Non Validé','Rendez-vous nouvellement créé qui n\'a pas encore fait l\'objet d\'une validation',1,1,0,NULL,1,'172ec40d-d64e-11ee-a4dc-0242ac120002'),(2,'Validé','Rendez-vous validé soit automatiquement, soit par l\'action d\'un administrateur',1,0,0,1,2,'172ec952-d64e-11ee-a4dc-0242ac120002'),(3,'Annulé','Rendez-vous qui a été annulé soit pas l\'usager, soit par un administrateur',1,0,0,5,3,'172eca8c-d64e-11ee-a4dc-0242ac120002'),(4,'Honoré','Rendez-vous qui a été honoré par l\'usager et déclaré comme tel par un administrateur',1,0,0,NULL,4,'172ecb5e-d64e-11ee-a4dc-0242ac120002'),(5,'Non honoré','Rendez-vous qui n\'a pas été honoré par l\'usager et déclaré comme tel par un administrateur',1,0,0,NULL,5,'172ecc2f-d64e-11ee-a4dc-0242ac120002'),(6,'Rendez-Vous Anonymisé','Un rendez-vous anonymisé automatiquement pour se conformer à RGPD',1,0,0,NULL,6,'8c08235c-b816-45f2-812f-59938d09b87e'),(7,'Rendez-Vous Supprimé','Suppression du rendez-vous automatique suivant un délai',1,0,0,NULL,7,'cbcd79ac-c9df-4f48-97e5-eb30f906946a');
INSERT INTO `workflow_task` VALUES (1,'taskNotifyGru',1,1,'174cdb5e-d64e-11ee-a4dc-0242ac120002'),(2,'taskUpdateAppointmentCancelAction',1,2,'174ce02b-d64e-11ee-a4dc-0242ac120002'),(3,'taskReportAppointment',4,1,'174ce191-d64e-11ee-a4dc-0242ac120002'),(4,'taskReportAppointment',5,1,'174ce2dc-d64e-11ee-a4dc-0242ac120002'),(5,'taskTypeArchive',6,1,NULL),(6,'taskTypeArchive',7,1,NULL),(7,'taskTypeArchive',8,1,NULL);
INSERT INTO `workflow_task_archive_cf` VALUES (5,6,'ANONYMIZE',365),(6,6,'ANONYMIZE',365),(7,7,'DELETE',1825);
INSERT INTO `workflow_task_notify_gru_cf` VALUES (1,'notifygru-appointment.ProviderService.@.1','',0,0,2,NULL,NULL,NULL,NULL,0,0,0,NULL,NULL,0,'Votre rendez-vous pour le conseil juridique','<p>Bonjour&nbsp;${firstName!}&nbsp;${lastName!},</p>\r\n<p>&nbsp;</p>\r\n<p>Votre rendez-vous du&nbsp;${date_appointment!} de&nbsp;${time_appointment!} &agrave;&nbsp;${end_time_appointment!} a bien &eacute;t&eacute; valid&eacute;.</p>\r\n<p>Merci de pr&eacute;parer les &eacute;l&eacute;ments n&eacute;cessaires pour que notre conseiller juridique vous apporte tous les &eacute;l&eacute;ments.</p>\r\n<p>&nbsp;</p>\r\n<p>Vous pouvez &agrave; tout moment modifier ce cr&eacute;neau en cliquant sur <a href=\"${url_report!}\">ce lien</a>, ou l\'annuler en cliquant <a href=\"${url_cancel!}\">ici</a>.</p>\r\n<p>&nbsp;</p>\r\n<p>Merci d\'avoir utilis&eacute; nos services en ligne,</p>\r\n<p>L\'&eacute;quipe CiteLibre</p>','Ville de CiteLibre','','',1,NULL,NULL,NULL,0,0,NULL,NULL,NULL,NULL,NULL,NULL,0,0);


INSERT INTO `workflow_task_notify_gru_history` VALUES (22,1,0,NULL,NULL,NULL,NULL,0,0,0,NULL,NULL,0,'Votre rendez-vous pour le conseil juridique','<p>Bonjour&nbsp;Phil&nbsp;Bar,</p>\r\n<p>&nbsp;</p>\r\n<p>Votre rendez-vous du&nbsp;12/02/2024 de&nbsp;10:00 &agrave;&nbsp;11:00 a bien &eacute;t&eacute; valid&eacute;.</p>\r\n<p>Merci de pr&eacute;parer les &eacute;l&eacute;ments n&eacute;cessaires pour que notre conseiller juridique vous apporte tous les &eacute;l&eacute;ments.</p>\r\n<p>&nbsp;</p>\r\n<p>Vous pouvez &agrave; tout moment modifier ce cr&eacute;neau en cliquant sur <a href=\"http://localhost:8080/rendezvous/jsp/site/Portal.jsp?page=appointment&amp;view=getViewAppointmentCalendar&amp;id_form=1&amp;nbPlacesToTake=1&amp;refAppointment=1f42f1b5e\">ce lien</a>, ou l\'annuler en cliquant <a href=\"http://localhost:8080/rendezvous/jsp/site/Portal.jsp?page=appointment&amp;view=getViewCancelAppointment&amp;refAppointment=1f42f1b5e\">ici</a>.</p>\r\n<p>&nbsp;</p>\r\n<p>Merci d\'avoir utilis&eacute; nos services en ligne,</p>\r\n<p>L\'&eacute;quipe CiteLibre</p>','Ville de CiteLibre','','',1,NULL,NULL,NULL,0,0,NULL,NULL,NULL,NULL,NULL,NULL,0,NULL,'error','LibraryNotifyGru - Error HttpAccessTransport.doPostJSON on URL [http://localhost:8080/rendezvous/rest/grusupply/notification] : ',0),
(23,1,0,NULL,NULL,NULL,NULL,0,0,0,NULL,NULL,0,'Votre rendez-vous pour le conseil juridique','<p>Bonjour&nbsp;Phil&nbsp;Bar,</p>\r\n<p>&nbsp;</p>\r\n<p>Votre rendez-vous du&nbsp;15/02/2024 de&nbsp;09:00 &agrave;&nbsp;10:00 a bien &eacute;t&eacute; valid&eacute;.</p>\r\n<p>Merci de pr&eacute;parer les &eacute;l&eacute;ments n&eacute;cessaires pour que notre conseiller juridique vous apporte tous les &eacute;l&eacute;ments.</p>\r\n<p>&nbsp;</p>\r\n<p>Vous pouvez &agrave; tout moment modifier ce cr&eacute;neau en cliquant sur <a href=\"http://localhost:8080/rendezvous/jsp/site/Portal.jsp?page=appointment&amp;view=getViewAppointmentCalendar&amp;id_form=1&amp;nbPlacesToTake=1&amp;refAppointment=27209b899\">ce lien</a>, ou l\'annuler en cliquant <a href=\"http://localhost:8080/rendezvous/jsp/site/Portal.jsp?page=appointment&amp;view=getViewCancelAppointment&amp;refAppointment=27209b899\">ici</a>.</p>\r\n<p>&nbsp;</p>\r\n<p>Merci d\'avoir utilis&eacute; nos services en ligne,</p>\r\n<p>L\'&eacute;quipe CiteLibre</p>','Ville de CiteLibre','','',1,NULL,NULL,NULL,0,0,NULL,NULL,NULL,NULL,NULL,NULL,0,NULL,'error','LibraryNotifyGru - Error HttpAccessTransport.doPostJSON on URL [http://localhost:8080/rendezvous/rest/grusupply/notification] : ',0),
(24,1,0,NULL,NULL,NULL,NULL,0,0,0,NULL,NULL,0,'Votre rendez-vous pour le conseil juridique','<p>Bonjour&nbsp;prenom&nbsp;nom,</p>\r\n<p>&nbsp;</p>\r\n<p>Votre rendez-vous du&nbsp;13/02/2024 de&nbsp;10:00 &agrave;&nbsp;11:00 a bien &eacute;t&eacute; valid&eacute;.</p>\r\n<p>Merci de pr&eacute;parer les &eacute;l&eacute;ments n&eacute;cessaires pour que notre conseiller juridique vous apporte tous les &eacute;l&eacute;ments.</p>\r\n<p>&nbsp;</p>\r\n<p>Vous pouvez &agrave; tout moment modifier ce cr&eacute;neau en cliquant sur <a href=\"http://localhost:8080/rendezvous/jsp/site/Portal.jsp?page=appointment&amp;view=getViewAppointmentCalendar&amp;id_form=1&amp;nbPlacesToTake=1&amp;refAppointment=307de7871\">ce lien</a>, ou l\'annuler en cliquant <a href=\"http://localhost:8080/rendezvous/jsp/site/Portal.jsp?page=appointment&amp;view=getViewCancelAppointment&amp;refAppointment=307de7871\">ici</a>.</p>\r\n<p>&nbsp;</p>\r\n<p>Merci d\'avoir utilis&eacute; nos services en ligne,</p>\r\n<p>L\'&eacute;quipe CiteLibre</p>','Ville de CiteLibre','','',1,NULL,NULL,NULL,0,0,NULL,NULL,NULL,NULL,NULL,NULL,0,NULL,NULL,NULL,0),
(25,1,0,NULL,NULL,NULL,NULL,0,0,0,NULL,NULL,0,'Votre rendez-vous pour le conseil juridique','<p>Bonjour&nbsp;Phil&nbsp;Bar,</p>\r\n<p>&nbsp;</p>\r\n<p>Votre rendez-vous du&nbsp;29/02/2024 de&nbsp;10:00 &agrave;&nbsp;11:00 a bien &eacute;t&eacute; valid&eacute;.</p>\r\n<p>Merci de pr&eacute;parer les &eacute;l&eacute;ments n&eacute;cessaires pour que notre conseiller juridique vous apporte tous les &eacute;l&eacute;ments.</p>\r\n<p>&nbsp;</p>\r\n<p>Vous pouvez &agrave; tout moment modifier ce cr&eacute;neau en cliquant sur <a href=\"http://localhost:8080/rendezvous/jsp/site/Portal.jsp?page=appointment&amp;view=getViewAppointmentCalendar&amp;id_form=1&amp;nbPlacesToTake=1&amp;refAppointment=45078fbd0\">ce lien</a>, ou l\'annuler en cliquant <a href=\"http://localhost:8080/rendezvous/jsp/site/Portal.jsp?page=appointment&amp;view=getViewCancelAppointment&amp;refAppointment=45078fbd0\">ici</a>.</p>\r\n<p>&nbsp;</p>\r\n<p>Merci d\'avoir utilis&eacute; nos services en ligne,</p>\r\n<p>L\'&eacute;quipe CiteLibre</p>','Ville de CiteLibre','','',1,NULL,NULL,NULL,0,0,NULL,NULL,NULL,NULL,NULL,NULL,0,NULL,'error','LibraryNotifyGru - Error HttpAccessTransport.doPostJSON on URL [http://localhost:8080/rendezvous/rest/grusupply/notification] : ',0),
(26,1,0,NULL,NULL,NULL,NULL,0,0,0,NULL,NULL,0,'Votre rendez-vous pour le conseil juridique','<p>Bonjour&nbsp;Phil&nbsp;Bar,</p>\r\n<p>&nbsp;</p>\r\n<p>Votre rendez-vous du&nbsp;01/03/2024 de&nbsp;09:00 &agrave;&nbsp;10:00 a bien &eacute;t&eacute; valid&eacute;.</p>\r\n<p>Merci de pr&eacute;parer les &eacute;l&eacute;ments n&eacute;cessaires pour que notre conseiller juridique vous apporte tous les &eacute;l&eacute;ments.</p>\r\n<p>&nbsp;</p>\r\n<p>Vous pouvez &agrave; tout moment modifier ce cr&eacute;neau en cliquant sur <a href=\"http://localhost:8080/rendezvous/jsp/site/Portal.jsp?page=appointment&amp;view=getViewAppointmentCalendar&amp;id_form=1&amp;nbPlacesToTake=1&amp;refAppointment=5facef2e3\">ce lien</a>, ou l\'annuler en cliquant <a href=\"http://localhost:8080/rendezvous/jsp/site/Portal.jsp?page=appointment&amp;view=getViewCancelAppointment&amp;refAppointment=5facef2e3\">ici</a>.</p>\r\n<p>&nbsp;</p>\r\n<p>Merci d\'avoir utilis&eacute; nos services en ligne,</p>\r\n<p>L\'&eacute;quipe CiteLibre</p>','Ville de CiteLibre','','',1,NULL,NULL,NULL,0,0,NULL,NULL,NULL,NULL,NULL,NULL,0,NULL,'error','LibraryNotifyGru - Error HttpAccessTransport.doPostJSON on URL [http://127.0.0.1:8080/rendezvous/rest/grusupply/notification] : ',0),
(27,1,0,NULL,NULL,NULL,NULL,0,0,0,NULL,NULL,0,'Votre rendez-vous pour le conseil juridique','<p>Bonjour&nbsp;Phil&nbsp;Bar,</p>\r\n<p>&nbsp;</p>\r\n<p>Votre rendez-vous du&nbsp;01/03/2024 de&nbsp;12:00 &agrave;&nbsp;13:00 a bien &eacute;t&eacute; valid&eacute;.</p>\r\n<p>Merci de pr&eacute;parer les &eacute;l&eacute;ments n&eacute;cessaires pour que notre conseiller juridique vous apporte tous les &eacute;l&eacute;ments.</p>\r\n<p>&nbsp;</p>\r\n<p>Vous pouvez &agrave; tout moment modifier ce cr&eacute;neau en cliquant sur <a href=\"http://localhost:8080/rendezvous/jsp/site/Portal.jsp?page=appointment&amp;view=getViewAppointmentCalendar&amp;id_form=1&amp;nbPlacesToTake=1&amp;refAppointment=66e496225\">ce lien</a>, ou l\'annuler en cliquant <a href=\"http://localhost:8080/rendezvous/jsp/site/Portal.jsp?page=appointment&amp;view=getViewCancelAppointment&amp;refAppointment=66e496225\">ici</a>.</p>\r\n<p>&nbsp;</p>\r\n<p>Merci d\'avoir utilis&eacute; nos services en ligne,</p>\r\n<p>L\'&eacute;quipe CiteLibre</p>','Ville de CiteLibre','','',1,NULL,NULL,NULL,0,0,NULL,NULL,NULL,NULL,NULL,NULL,0,NULL,'error','LibraryNotifyGru - Error HttpAccessTransport.doPostJSON on URL [http://127.0.0.1:8080/rendezvous/rest/notification/send] : ',0),
(28,1,0,NULL,NULL,NULL,NULL,0,0,0,NULL,NULL,0,'Votre rendez-vous pour le conseil juridique','<p>Bonjour&nbsp;Phil&nbsp;Bar,</p>\r\n<p>&nbsp;</p>\r\n<p>Votre rendez-vous du&nbsp;29/02/2024 de&nbsp;17:00 &agrave;&nbsp;18:00 a bien &eacute;t&eacute; valid&eacute;.</p>\r\n<p>Merci de pr&eacute;parer les &eacute;l&eacute;ments n&eacute;cessaires pour que notre conseiller juridique vous apporte tous les &eacute;l&eacute;ments.</p>\r\n<p>&nbsp;</p>\r\n<p>Vous pouvez &agrave; tout moment modifier ce cr&eacute;neau en cliquant sur <a href=\"http://localhost:8080/rendezvous/jsp/site/Portal.jsp?page=appointment&amp;view=getViewAppointmentCalendar&amp;id_form=1&amp;nbPlacesToTake=1&amp;refAppointment=72603ed23\">ce lien</a>, ou l\'annuler en cliquant <a href=\"http://localhost:8080/rendezvous/jsp/site/Portal.jsp?page=appointment&amp;view=getViewCancelAppointment&amp;refAppointment=72603ed23\">ici</a>.</p>\r\n<p>&nbsp;</p>\r\n<p>Merci d\'avoir utilis&eacute; nos services en ligne,</p>\r\n<p>L\'&eacute;quipe CiteLibre</p>','Ville de CiteLibre','','',1,NULL,NULL,NULL,0,0,NULL,NULL,NULL,NULL,NULL,NULL,0,NULL,'error','LibraryNotifyGru - Error HttpAccessTransport.doPostJSON on URL [http://localhost:8080/rendezvous/rest/notification/send] : ',0),
(30,1,0,NULL,NULL,NULL,NULL,0,0,0,NULL,NULL,0,'Votre rendez-vous pour le conseil juridique','<p>Bonjour&nbsp;philippe&nbsp;bareille,</p>\r\n<p>&nbsp;</p>\r\n<p>Votre rendez-vous du&nbsp;01/03/2024 de&nbsp;11:00 &agrave;&nbsp;12:00 a bien &eacute;t&eacute; valid&eacute;.</p>\r\n<p>Merci de pr&eacute;parer les &eacute;l&eacute;ments n&eacute;cessaires pour que notre conseiller juridique vous apporte tous les &eacute;l&eacute;ments.</p>\r\n<p>&nbsp;</p>\r\n<p>Vous pouvez &agrave; tout moment modifier ce cr&eacute;neau en cliquant sur <a href=\"http://localhost:8080/rendezvous/jsp/site/Portal.jsp?page=appointment&amp;view=getViewAppointmentCalendar&amp;id_form=1&amp;nbPlacesToTake=1&amp;refAppointment=956cce199\">ce lien</a>, ou l\'annuler en cliquant <a href=\"http://localhost:8080/rendezvous/jsp/site/Portal.jsp?page=appointment&amp;view=getViewCancelAppointment&amp;refAppointment=956cce199\">ici</a>.</p>\r\n<p>&nbsp;</p>\r\n<p>Merci d\'avoir utilis&eacute; nos services en ligne,</p>\r\n<p>L\'&eacute;quipe CiteLibre</p>','Ville de CiteLibre','','',1,NULL,NULL,NULL,0,0,NULL,NULL,NULL,NULL,NULL,NULL,0,NULL,'error','LibraryNotifyGru - Error HttpAccessTransport.doPostJSON on URL [http://localhost:8080/rendezvous/rest/notification/send] : ',0),
(31,1,0,NULL,NULL,NULL,NULL,0,0,0,NULL,NULL,0,'Votre rendez-vous pour le conseil juridique','<p>Bonjour&nbsp;ph&nbsp;ba,</p>\r\n<p>&nbsp;</p>\r\n<p>Votre rendez-vous du&nbsp;01/03/2024 de&nbsp;10:00 &agrave;&nbsp;11:00 a bien &eacute;t&eacute; valid&eacute;.</p>\r\n<p>Merci de pr&eacute;parer les &eacute;l&eacute;ments n&eacute;cessaires pour que notre conseiller juridique vous apporte tous les &eacute;l&eacute;ments.</p>\r\n<p>&nbsp;</p>\r\n<p>Vous pouvez &agrave; tout moment modifier ce cr&eacute;neau en cliquant sur <a href=\"http://localhost:8080/rendezvous/jsp/site/Portal.jsp?page=appointment&amp;view=getViewAppointmentCalendar&amp;id_form=1&amp;nbPlacesToTake=1&amp;refAppointment=10270795a1\">ce lien</a>, ou l\'annuler en cliquant <a href=\"http://localhost:8080/rendezvous/jsp/site/Portal.jsp?page=appointment&amp;view=getViewCancelAppointment&amp;refAppointment=10270795a1\">ici</a>.</p>\r\n<p>&nbsp;</p>\r\n<p>Merci d\'avoir utilis&eacute; nos services en ligne,</p>\r\n<p>L\'&eacute;quipe CiteLibre</p>','Ville de CiteLibre','','',1,NULL,NULL,NULL,0,0,NULL,NULL,NULL,NULL,NULL,NULL,0,NULL,'error','LibraryNotifyGru - Error HttpAccessTransport.doPostJSON on URL [http://localhost:8080/rendezvous/rest/notification/send] : ',0),
(32,1,0,NULL,NULL,NULL,NULL,0,0,0,NULL,NULL,0,'Votre rendez-vous pour le conseil juridique','<p>Bonjour&nbsp;phil&nbsp;bar,</p>\r\n<p>&nbsp;</p>\r\n<p>Votre rendez-vous du&nbsp;01/03/2024 de&nbsp;09:00 &agrave;&nbsp;10:00 a bien &eacute;t&eacute; valid&eacute;.</p>\r\n<p>Merci de pr&eacute;parer les &eacute;l&eacute;ments n&eacute;cessaires pour que notre conseiller juridique vous apporte tous les &eacute;l&eacute;ments.</p>\r\n<p>&nbsp;</p>\r\n<p>Vous pouvez &agrave; tout moment modifier ce cr&eacute;neau en cliquant sur <a href=\"http://localhost:8080/rendezvous/jsp/site/Portal.jsp?page=appointment&amp;view=getViewAppointmentCalendar&amp;id_form=1&amp;nbPlacesToTake=1&amp;refAppointment=11d4fbdbdc\">ce lien</a>, ou l\'annuler en cliquant <a href=\"http://localhost:8080/rendezvous/jsp/site/Portal.jsp?page=appointment&amp;view=getViewCancelAppointment&amp;refAppointment=11d4fbdbdc\">ici</a>.</p>\r\n<p>&nbsp;</p>\r\n<p>Merci d\'avoir utilis&eacute; nos services en ligne,</p>\r\n<p>L\'&eacute;quipe CiteLibre</p>','Ville de CiteLibre','','',1,NULL,NULL,NULL,0,0,NULL,NULL,NULL,NULL,NULL,NULL,0,NULL,'error','LibraryNotifyGru - Error HttpAccessTransport.doPostJSON on URL [http://localhost:8080/rendezvous/rest/notification/send] : ',0),
(33,1,0,NULL,NULL,NULL,NULL,0,0,0,NULL,NULL,0,'Votre rendez-vous pour le conseil juridique','<p>Bonjour&nbsp;ph&nbsp;ba,</p>\r\n<p>&nbsp;</p>\r\n<p>Votre rendez-vous du&nbsp;04/03/2024 de&nbsp;09:00 &agrave;&nbsp;10:00 a bien &eacute;t&eacute; valid&eacute;.</p>\r\n<p>Merci de pr&eacute;parer les &eacute;l&eacute;ments n&eacute;cessaires pour que notre conseiller juridique vous apporte tous les &eacute;l&eacute;ments.</p>\r\n<p>&nbsp;</p>\r\n<p>Vous pouvez &agrave; tout moment modifier ce cr&eacute;neau en cliquant sur <a href=\"http://localhost:8080/rendezvous/jsp/site/Portal.jsp?page=appointment&amp;view=getViewAppointmentCalendar&amp;id_form=1&amp;nbPlacesToTake=1&amp;refAppointment=124d3d3dd3\">ce lien</a>, ou l\'annuler en cliquant <a href=\"http://localhost:8080/rendezvous/jsp/site/Portal.jsp?page=appointment&amp;view=getViewCancelAppointment&amp;refAppointment=124d3d3dd3\">ici</a>.</p>\r\n<p>&nbsp;</p>\r\n<p>Merci d\'avoir utilis&eacute; nos services en ligne,</p>\r\n<p>L\'&eacute;quipe CiteLibre</p>','Ville de CiteLibre','','',1,NULL,NULL,NULL,0,0,NULL,NULL,NULL,NULL,NULL,NULL,0,NULL,NULL,NULL,0),
(34,1,0,NULL,NULL,NULL,NULL,0,0,0,NULL,NULL,0,'Votre rendez-vous pour le conseil juridique','<p>Bonjour&nbsp;Phil&nbsp;Bar,</p>\r\n<p>&nbsp;</p>\r\n<p>Votre rendez-vous du&nbsp;18/03/2024 de&nbsp;09:00 &agrave;&nbsp;10:00 a bien &eacute;t&eacute; valid&eacute;.</p>\r\n<p>Merci de pr&eacute;parer les &eacute;l&eacute;ments n&eacute;cessaires pour que notre conseiller juridique vous apporte tous les &eacute;l&eacute;ments.</p>\r\n<p>&nbsp;</p>\r\n<p>Vous pouvez &agrave; tout moment modifier ce cr&eacute;neau en cliquant sur <a href=\"http://localhost:8080/rendezvous/jsp/site/Portal.jsp?page=appointment&amp;view=getViewAppointmentCalendar&amp;id_form=1&amp;nbPlacesToTake=1&amp;refAppointment=131830eb6c\">ce lien</a>, ou l\'annuler en cliquant <a href=\"http://localhost:8080/rendezvous/jsp/site/Portal.jsp?page=appointment&amp;view=getViewCancelAppointment&amp;refAppointment=131830eb6c\">ici</a>.</p>\r\n<p>&nbsp;</p>\r\n<p>Merci d\'avoir utilis&eacute; nos services en ligne,</p>\r\n<p>L\'&eacute;quipe CiteLibre</p>','Ville de CiteLibre','','',1,NULL,NULL,NULL,0,0,NULL,NULL,NULL,NULL,NULL,NULL,0,NULL,'error','LibraryNotifyGru - Error HttpAccessTransport.doPostJSON on URL [http://127.0.0.1:8080/rendezvous/rest/grusupply/notification] : ',0),
(35,1,0,NULL,NULL,NULL,NULL,0,0,0,NULL,NULL,0,'Votre rendez-vous pour le conseil juridique','<p>Bonjour&nbsp;Ginette&nbsp;Michu,</p>\r\n<p>&nbsp;</p>\r\n<p>Votre rendez-vous du&nbsp;05/03/2024 de&nbsp;09:00 &agrave;&nbsp;10:00 a bien &eacute;t&eacute; valid&eacute;.</p>\r\n<p>Merci de pr&eacute;parer les &eacute;l&eacute;ments n&eacute;cessaires pour que notre conseiller juridique vous apporte tous les &eacute;l&eacute;ments.</p>\r\n<p>&nbsp;</p>\r\n<p>Vous pouvez &agrave; tout moment modifier ce cr&eacute;neau en cliquant sur <a href=\"http://localhost:8080/rendezvous/jsp/site/Portal.jsp?page=appointment&amp;view=getViewAppointmentCalendar&amp;id_form=1&amp;nbPlacesToTake=1&amp;refAppointment=147009507d\">ce lien</a>, ou l\'annuler en cliquant <a href=\"http://localhost:8080/rendezvous/jsp/site/Portal.jsp?page=appointment&amp;view=getViewCancelAppointment&amp;refAppointment=147009507d\">ici</a>.</p>\r\n<p>&nbsp;</p>\r\n<p>Merci d\'avoir utilis&eacute; nos services en ligne,</p>\r\n<p>L\'&eacute;quipe CiteLibre</p>','Ville de CiteLibre','','',1,NULL,NULL,NULL,0,0,NULL,NULL,NULL,NULL,NULL,NULL,0,NULL,NULL,NULL,0),
(37,1,0,NULL,NULL,NULL,NULL,0,0,0,NULL,NULL,0,'Votre rendez-vous pour le conseil juridique','<p>Bonjour&nbsp;P&nbsp;B,</p>\r\n<p>&nbsp;</p>\r\n<p>Votre rendez-vous du&nbsp;01/03/2024 de&nbsp;16:00 &agrave;&nbsp;17:00 a bien &eacute;t&eacute; valid&eacute;.</p>\r\n<p>Merci de pr&eacute;parer les &eacute;l&eacute;ments n&eacute;cessaires pour que notre conseiller juridique vous apporte tous les &eacute;l&eacute;ments.</p>\r\n<p>&nbsp;</p>\r\n<p>Vous pouvez &agrave; tout moment modifier ce cr&eacute;neau en cliquant sur <a href=\"http://localhost:8080/rendezvous/jsp/site/Portal.jsp?page=appointment&amp;view=getViewAppointmentCalendar&amp;id_form=1&amp;nbPlacesToTake=1&amp;refAppointment=15fe52817e\">ce lien</a>, ou l\'annuler en cliquant <a href=\"http://localhost:8080/rendezvous/jsp/site/Portal.jsp?page=appointment&amp;view=getViewCancelAppointment&amp;refAppointment=15fe52817e\">ici</a>.</p>\r\n<p>&nbsp;</p>\r\n<p>Merci d\'avoir utilis&eacute; nos services en ligne,</p>\r\n<p>L\'&eacute;quipe CiteLibre</p>','Ville de CiteLibre','','',1,NULL,NULL,NULL,0,0,NULL,NULL,NULL,NULL,NULL,NULL,0,NULL,NULL,NULL,0),
(38,1,0,NULL,NULL,NULL,NULL,0,0,0,NULL,NULL,0,'Votre rendez-vous pour le conseil juridique','<p>Bonjour&nbsp;Ph&nbsp;B,</p>\r\n<p>&nbsp;</p>\r\n<p>Votre rendez-vous du&nbsp;01/03/2024 de&nbsp;17:00 &agrave;&nbsp;18:00 a bien &eacute;t&eacute; valid&eacute;.</p>\r\n<p>Merci de pr&eacute;parer les &eacute;l&eacute;ments n&eacute;cessaires pour que notre conseiller juridique vous apporte tous les &eacute;l&eacute;ments.</p>\r\n<p>&nbsp;</p>\r\n<p>Vous pouvez &agrave; tout moment modifier ce cr&eacute;neau en cliquant sur <a href=\"http://localhost:8080/rendezvous/jsp/site/Portal.jsp?page=appointment&amp;view=getViewAppointmentCalendar&amp;id_form=1&amp;nbPlacesToTake=1&amp;refAppointment=16339f91d6\">ce lien</a>, ou l\'annuler en cliquant <a href=\"http://localhost:8080/rendezvous/jsp/site/Portal.jsp?page=appointment&amp;view=getViewCancelAppointment&amp;refAppointment=16339f91d6\">ici</a>.</p>\r\n<p>&nbsp;</p>\r\n<p>Merci d\'avoir utilis&eacute; nos services en ligne,</p>\r\n<p>L\'&eacute;quipe CiteLibre</p>','Ville de CiteLibre','','',1,NULL,NULL,NULL,0,0,NULL,NULL,NULL,NULL,NULL,NULL,0,NULL,'error','LibraryNotifyGru - Error HttpAccessTransport.doPostJSON on URL [http://127.0.0.1:8080/rendezvous/rest/grusupply/notification] : ',0),
(39,1,0,NULL,NULL,NULL,NULL,0,0,0,NULL,NULL,0,'Votre rendez-vous pour le conseil juridique','<p>Bonjour&nbsp;P&nbsp;B,</p>\r\n<p>&nbsp;</p>\r\n<p>Votre rendez-vous du&nbsp;08/03/2024 de&nbsp;10:00 &agrave;&nbsp;11:00 a bien &eacute;t&eacute; valid&eacute;.</p>\r\n<p>Merci de pr&eacute;parer les &eacute;l&eacute;ments n&eacute;cessaires pour que notre conseiller juridique vous apporte tous les &eacute;l&eacute;ments.</p>\r\n<p>&nbsp;</p>\r\n<p>Vous pouvez &agrave; tout moment modifier ce cr&eacute;neau en cliquant sur <a href=\"http://localhost:8080/rendezvous/jsp/site/Portal.jsp?page=appointment&amp;view=getViewAppointmentCalendar&amp;id_form=1&amp;nbPlacesToTake=1&amp;refAppointment=177bd64a8d\">ce lien</a>, ou l\'annuler en cliquant <a href=\"http://localhost:8080/rendezvous/jsp/site/Portal.jsp?page=appointment&amp;view=getViewCancelAppointment&amp;refAppointment=177bd64a8d\">ici</a>.</p>\r\n<p>&nbsp;</p>\r\n<p>Merci d\'avoir utilis&eacute; nos services en ligne,</p>\r\n<p>L\'&eacute;quipe CiteLibre</p>','Ville de CiteLibre','','',1,NULL,NULL,NULL,0,0,NULL,NULL,NULL,NULL,NULL,NULL,0,NULL,NULL,NULL,0);

INSERT INTO `workflow_task_update_appointment_cancel_cf` VALUES (2,2,4);
INSERT INTO `workflow_workflow` VALUES (1,'Permanences Juridiques','Cycle de vie d\'une prise de rendez-vous simple pour les permanences juridiques','2024-02-07 14:57:54',1,'all','1717cd14-d64e-11ee-a4dc-0242ac120002');
